"filename", "language", "TypeScript", "SCSS", "HTML", "comment", "blank", "total"
"/home/alexandre/GeomatysProject/sirsmobilev2/SirsMobile/src/app/app-routing.module.ts", "TypeScript", 24, 0, 0, 0, 3, 27
"/home/alexandre/GeomatysProject/sirsmobilev2/SirsMobile/src/app/app.component.html", "HTML", 0, 0, 1, 0, 1, 2
"/home/alexandre/GeomatysProject/sirsmobilev2/SirsMobile/src/app/app.component.scss", "SCSS", 0, 0, 0, 0, 1, 1
"/home/alexandre/GeomatysProject/sirsmobilev2/SirsMobile/src/app/app.component.ts", "TypeScript", 24, 0, 0, 0, 4, 28
"/home/alexandre/GeomatysProject/sirsmobilev2/SirsMobile/src/app/app.module.ts", "TypeScript", 53, 0, 0, 0, 5, 58
"/home/alexandre/GeomatysProject/sirsmobilev2/SirsMobile/src/app/applayers.service.ts", "TypeScript", 84, 0, 0, 2, 12, 98
"/home/alexandre/GeomatysProject/sirsmobilev2/SirsMobile/src/app/auth.service.ts", "TypeScript", 73, 0, 0, 0, 7, 80
"/home/alexandre/GeomatysProject/sirsmobilev2/SirsMobile/src/app/cache.service.ts", "TypeScript", 23, 0, 0, 0, 8, 31
"/home/alexandre/GeomatysProject/sirsmobilev2/SirsMobile/src/app/database-connection/add-database/add-database.component.html", "HTML", 0, 0, 30, 0, 8, 38
"/home/alexandre/GeomatysProject/sirsmobilev2/SirsMobile/src/app/database-connection/add-database/add-database.component.scss", "SCSS", 0, 0, 0, 0, 1, 1
"/home/alexandre/GeomatysProject/sirsmobilev2/SirsMobile/src/app/database-connection/add-database/add-database.component.ts", "TypeScript", 93, 0, 0, 0, 10, 103
"/home/alexandre/GeomatysProject/sirsmobilev2/SirsMobile/src/app/database-connection/database-choice/database-choice.component.html", "HTML", 0, 0, 45, 0, 10, 55
"/home/alexandre/GeomatysProject/sirsmobilev2/SirsMobile/src/app/database-connection/database-choice/database-choice.component.scss", "SCSS", 0, 0, 0, 0, 1, 1
"/home/alexandre/GeomatysProject/sirsmobilev2/SirsMobile/src/app/database-connection/database-choice/database-choice.component.ts", "TypeScript", 97, 0, 0, 0, 11, 108
"/home/alexandre/GeomatysProject/sirsmobilev2/SirsMobile/src/app/database-connection/database-connection-routing.module.ts", "TypeScript", 14, 0, 0, 0, 3, 17
"/home/alexandre/GeomatysProject/sirsmobilev2/SirsMobile/src/app/database-connection/database-connection.module.ts", "TypeScript", 31, 0, 0, 0, 5, 36
"/home/alexandre/GeomatysProject/sirsmobilev2/SirsMobile/src/app/database-connection/database-connection.page.html", "HTML", 0, 0, 7, 0, 1, 8
"/home/alexandre/GeomatysProject/sirsmobilev2/SirsMobile/src/app/database-connection/database-connection.page.scss", "SCSS", 0, 48, 0, 0, 8, 56
"/home/alexandre/GeomatysProject/sirsmobilev2/SirsMobile/src/app/database-connection/database-connection.page.ts", "TypeScript", 11, 0, 0, 0, 5, 16
"/home/alexandre/GeomatysProject/sirsmobilev2/SirsMobile/src/app/database-connection/edit-database/edit-database.component.html", "HTML", 0, 0, 30, 0, 8, 38
"/home/alexandre/GeomatysProject/sirsmobilev2/SirsMobile/src/app/database-connection/edit-database/edit-database.component.scss", "SCSS", 0, 0, 0, 0, 1, 1
"/home/alexandre/GeomatysProject/sirsmobilev2/SirsMobile/src/app/database-connection/edit-database/edit-database.component.ts", "TypeScript", 59, 0, 0, 0, 10, 69
"/home/alexandre/GeomatysProject/sirsmobilev2/SirsMobile/src/app/database-connection/firstsync/firstsync.component.html", "HTML", 0, 0, 32, 0, 2, 34
"/home/alexandre/GeomatysProject/sirsmobilev2/SirsMobile/src/app/database-connection/firstsync/firstsync.component.scss", "SCSS", 0, 16, 0, 1, 1, 18
"/home/alexandre/GeomatysProject/sirsmobilev2/SirsMobile/src/app/database-connection/firstsync/firstsync.component.ts", "TypeScript", 27, 0, 0, 0, 5, 32
"/home/alexandre/GeomatysProject/sirsmobilev2/SirsMobile/src/app/database-connection/login-database/login-database.component.html", "HTML", 0, 0, 44, 1, 5, 50
"/home/alexandre/GeomatysProject/sirsmobilev2/SirsMobile/src/app/database-connection/login-database/login-database.component.scss", "SCSS", 0, 0, 0, 0, 1, 1
"/home/alexandre/GeomatysProject/sirsmobilev2/SirsMobile/src/app/database-connection/login-database/login-database.component.ts", "TypeScript", 44, 0, 0, 0, 10, 54
"/home/alexandre/GeomatysProject/sirsmobilev2/SirsMobile/src/app/database-connection/replicate-database/couchDB-Vues.ts", "TypeScript", 228, 0, 0, 4, 5, 237
"/home/alexandre/GeomatysProject/sirsmobilev2/SirsMobile/src/app/database-connection/replicate-database/replicate-database.component.html", "HTML", 0, 0, 10, 0, 1, 11
"/home/alexandre/GeomatysProject/sirsmobilev2/SirsMobile/src/app/database-connection/replicate-database/replicate-database.component.scss", "SCSS", 0, 0, 0, 0, 1, 1
"/home/alexandre/GeomatysProject/sirsmobilev2/SirsMobile/src/app/database-connection/replicate-database/replicate-database.component.ts", "TypeScript", 313, 0, 0, 0, 37, 350
"/home/alexandre/GeomatysProject/sirsmobilev2/SirsMobile/src/app/database.service.ts", "TypeScript", 83, 0, 0, 0, 12, 95
"/home/alexandre/GeomatysProject/sirsmobilev2/SirsMobile/src/app/editionmode.service.ts", "TypeScript", 124, 0, 0, 0, 14, 138
"/home/alexandre/GeomatysProject/sirsmobilev2/SirsMobile/src/app/geoloc.service.ts", "TypeScript", 59, 0, 0, 0, 9, 68
"/home/alexandre/GeomatysProject/sirsmobilev2/SirsMobile/src/app/layers.service.ts", "TypeScript", 501, 0, 0, 35, 69, 605
"/home/alexandre/GeomatysProject/sirsmobilev2/SirsMobile/src/app/main/main-routing.module.ts", "TypeScript", 14, 0, 0, 0, 4, 18
"/home/alexandre/GeomatysProject/sirsmobilev2/SirsMobile/src/app/main/main.module.ts", "TypeScript", 41, 0, 0, 0, 5, 46
"/home/alexandre/GeomatysProject/sirsmobilev2/SirsMobile/src/app/main/main.page.html", "HTML", 0, 0, 40, 0, 5, 45
"/home/alexandre/GeomatysProject/sirsmobilev2/SirsMobile/src/app/main/main.page.scss", "SCSS", 0, 41, 0, 1, 11, 53
"/home/alexandre/GeomatysProject/sirsmobilev2/SirsMobile/src/app/main/main.page.ts", "TypeScript", 83, 0, 0, 2, 14, 99
"/home/alexandre/GeomatysProject/sirsmobilev2/SirsMobile/src/app/map.service.ts", "TypeScript", 38, 0, 0, 46, 12, 96
"/home/alexandre/GeomatysProject/sirsmobilev2/SirsMobile/src/app/models/database.model.ts", "TypeScript", 35, 0, 0, 0, 5, 40
"/home/alexandre/GeomatysProject/sirsmobilev2/SirsMobile/src/app/sirsdoc.service.ts", "TypeScript", 22, 0, 0, 0, 5, 27
"/home/alexandre/GeomatysProject/sirsmobilev2/SirsMobile/src/app/sliders/left/appinfos/appinfos.component.html", "HTML", 0, 0, 13, 0, 1, 14
"/home/alexandre/GeomatysProject/sirsmobilev2/SirsMobile/src/app/sliders/left/appinfos/appinfos.component.scss", "SCSS", 0, 9, 0, 0, 3, 12
"/home/alexandre/GeomatysProject/sirsmobilev2/SirsMobile/src/app/sliders/left/appinfos/appinfos.component.ts", "TypeScript", 27, 0, 0, 0, 8, 35
"/home/alexandre/GeomatysProject/sirsmobilev2/SirsMobile/src/app/sliders/left/appsettings/appsettings.component.html", "HTML", 0, 0, 24, 0, 1, 25
"/home/alexandre/GeomatysProject/sirsmobilev2/SirsMobile/src/app/sliders/left/appsettings/appsettings.component.scss", "SCSS", 0, 9, 0, 0, 3, 12
"/home/alexandre/GeomatysProject/sirsmobilev2/SirsMobile/src/app/sliders/left/appsettings/appsettings.component.ts", "TypeScript", 14, 0, 0, 0, 7, 21
"/home/alexandre/GeomatysProject/sirsmobilev2/SirsMobile/src/app/sliders/left/left.component.html", "HTML", 0, 0, 31, 0, 4, 35
"/home/alexandre/GeomatysProject/sirsmobilev2/SirsMobile/src/app/sliders/left/left.component.scss", "SCSS", 0, 6, 0, 0, 2, 8
"/home/alexandre/GeomatysProject/sirsmobilev2/SirsMobile/src/app/sliders/left/left.component.ts", "TypeScript", 15, 0, 0, 0, 7, 22
"/home/alexandre/GeomatysProject/sirsmobilev2/SirsMobile/src/app/sliders/left/menu/menu.component.html", "HTML", 0, 0, 26, 0, 1, 27
"/home/alexandre/GeomatysProject/sirsmobilev2/SirsMobile/src/app/sliders/left/menu/menu.component.scss", "SCSS", 0, 9, 0, 0, 3, 12
"/home/alexandre/GeomatysProject/sirsmobilev2/SirsMobile/src/app/sliders/left/menu/menu.component.ts", "TypeScript", 49, 0, 0, 0, 16, 65
"/home/alexandre/GeomatysProject/sirsmobilev2/SirsMobile/src/app/sliders/right/right.component.html", "HTML", 0, 0, 30, 0, 1, 31
"/home/alexandre/GeomatysProject/sirsmobilev2/SirsMobile/src/app/sliders/right/right.component.scss", "SCSS", 0, 6, 0, 0, 2, 8
"/home/alexandre/GeomatysProject/sirsmobilev2/SirsMobile/src/app/sliders/right/right.component.ts", "TypeScript", 11, 0, 0, 0, 7, 18
"/home/alexandre/GeomatysProject/sirsmobilev2/SirsMobile/src/app/style.service.ts", "TypeScript", 243, 0, 0, 0, 37, 280
"/home/alexandre/GeomatysProject/sirsmobilev2/SirsMobile/src/app/sync.service.ts", "TypeScript", 77, 0, 0, 2, 11, 90
"/home/alexandre/GeomatysProject/sirsmobilev2/SirsMobile/src/app/usingLocalDatabase.service.ts", "TypeScript", 106, 0, 0, 0, 11, 117
"Total", "-", 2740, 144, 363, 94, 481, 3822